Audio TV,chauffage_électrique,éclairage,Consommation totale,Consommation des téléviseurs
12.13,1960.49,495.15,1.7,55.2
,,,22.2,311.0
,,,14.7,274.3
,,,7.8,297.3
,,,7.9,158.8
,,,0.8,232.4
,,,6.4,0.0
,,,10.0,175.2
,,,0.5,162.5
,,,18.7,
,,,6.6,
,,,1.1,
,,,59.3,147.6
,,,20.8,182.4
,,,1.6,68.3
,,,82.7,36.7
,,,72.9,214.8
,,,56.0,307.8
,,,9.8,180.0
,,,96.2,277.0
,,,15.1,144.1
,,,43.9,393.0
,,,40.9,169.5
,,,45.2,
,,,34.2,724.3
,,,33.5,72.1
,,,50.3,75.5
,,,41.9,64.5
,,,45.6,350.8
,,,50.7,
,,,26.4,
,,,6.6,1143.0
,,,29.1,108.6
,,,44.2,142.8
,,,60.0,365.0
,,,29.1,437.6
,,,53.3,95.5
,,,59.7,68.4
,,,14.2,118.2
,,,30.0,
,,,0.4,
,,,88.7,98.5
,,,16.6,391.7
,,,119.4,83.9
,,,68.4,130.8
,,,103.4,156.7
,,,66.4,82.1
,,,113.3,242.2
,,,59.5,198.2
,,,63.7,105.9
,,,36.8,54.5
,,,86.2,207.8
,,,62.2,66.8
,,,129.4,27.6
,,,76.8,136.5
,,,78.6,92.7
,,,96.4,145.7
,,,49.6,62.0
,,,258.0,
,,,22.3,177.9
,,,4.9,151.8
,,,147.2,33.2
,,,126.3,334.7
,,,38.3,63.7
,,,83.2,634.2
,,,15.5,112.0
,,,90.3,107.9
,,,95.3,86.0
,,,44.5,
,,,55.4,
,,,27.5,
,,,119.5,139.2
,,,141.9,237.1
,,,145.1,295.9
,,,59.9,412.0
,,,80.0,118.5
,,,66.6,76.1
,,,152.5,184.2
,,,70.9,328.5
,,,72.6,24.1
,,,83.5,131.0
,,,75.9,
,,,22.7,
,,,160.4,
,,,101.7,
,,,30.9,3.2
,,,75.6,201.5
,,,87.4,85.4
,,,102.6,279.6
,,,221.5,388.1
,,,62.0,258.0
,,,71.7,115.4
,,,121.4,26.2
,,,95.5,116.1
,,,104.9,20.1
,,,64.2,
,,,21.6,
,,,76.5,
,,,137.9,124.8
,,,72.4,24.9
,,,87.6,104.5
,,,159.7,47.2
,,,109.0,50.8
,,,81.4,208.6
,,,194.8,130.0
,,,61.7,102.5
,,,204.1,132.6
,,,79.6,354.9
,,,49.4,553.7
,,,111.1,37.6
,,,73.9,13.9
,,,76.4,49.0
,,,62.5,22.5
,,,76.8,132.7
,,,61.0,5.1
,,,146.2,33.6
,,,33.0,153.3
,,,58.5,24.6
,,,79.7,0.0
,,,69.9,81.6
,,,51.4,230.5
,,,150.5,10.4
,,,85.4,3.5
,,,106.9,380.6
,,,70.0,47.1
,,,70.6,193.6
,,,83.3,0.7
,,,151.8,
,,,57.5,62.0
,,,85.2,
,,,93.7,48.6
,,,203.7,3.4
,,,184.9,73.6
,,,208.7,34.8
,,,26.2,11.3
,,,92.0,
,,,163.7,
,,,48.4,
,,,75.2,
,,,70.6,
,,,71.9,
,,,74.1,
,,,73.9,
,,,63.6,
,,,47.6,
,,,209.5,
,,,159.3,
,,,200.8,
,,,154.0,
,,,98.5,
,,,180.7,
,,,74.4,
,,,59.6,
,,,90.0,
,,,62.8,
,,,80.4,
,,,36.9,
,,,158.8,
,,,71.4,
,,,108.6,
,,,108.6,
,,,108.6,
,,,22.6,
,,,57.4,
,,,115.8,
,,,70.5,
,,,91.3,
,,,76.3,
,,,36.1,
,,,85.4,
,,,38.5,
,,,113.9,
,,,113.9,
,,,133.6,
,,,125.0,
,,,125.0,
,,,77.3,
,,,88.6,
,,,13.9,
,,,60.7,
,,,130.2,
,,,62.6,
,,,94.1,
,,,92.4,
,,,73.5,
,,,126.0,
,,,113.3,
,,,53.8,
,,,120.2,
,,,71.3,
,,,135.3,
,,,47.7,
,,,57.2,
,,,145.8,
,,,145.8,
,,,46.7,
,,,72.4,
,,,123.5,
,,,18.3,
,,,27.6,
,,,68.5,
,,,86.7,
,,,103.4,
,,,45.4,
,,,132.5,
,,,6.0,
,,,124.2,
,,,54.2,
,,,109.0,
,,,111.5,
,,,103.9,
,,,115.3,
,,,127.4,
,,,88.0,
,,,90.4,
,,,59.5,
,,,114.0,
,,,29.8,
,,,82.3,
,,,158.7,
,,,32.1,
,,,116.1,
,,,39.4,
,,,40.1,
,,,120.4,
,,,107.0,
,,,139.1,
,,,21.2,
,,,29.1,
,,,16.2,
,,,16.6,
,,,52.1,
,,,31.3,
,,,9.1,
,,,9.2,
,,,6.3,
,,,14.3,
,,,34.1,
,,,25.8,
,,,25.5,
,,,13.6,
,,,6.6,
,,,33.5,
,,,6.4,
,,,37.0,
,,,33.3,
,,,10.3,
,,,32.1,
,,,17.9,
,,,28.3,
,,,20.7,
,,,56.4,
,,,10.9,
,,,24.0,
,,,82.1,
,,,19.9,
,,,57.0,
,,,24.1,
,,,16.3,
,,,4.7,
,,,8.9,
,,,19.8,
,,,48.6,
,,,39.2,
,,,34.5,
,,,36.7,
,,,73.7,
,,,10.2,
,,,66.1,
,,,16.2,
,,,16.8,
,,,58.4,
,,,45.3,
,,,20.6,
,,,3.8,
,,,42.8,
,,,367.9,
,,,76.0,
,,,150.4,
,,,159.9,
,,,226.2,
,,,354.0,
,,,1404.0,
,,,0.0,
,,,175.2,
,,,119.1,
,,,195.0,
,,,178.5,
,,,49.6,
,,,96.7,
,,,589.7,
,,,50.3,
,,,364.5,
,,,226.8,
,,,62.6,
,,,93.6,
,,,123.9,
,,,273.4,
,,,287.3,
,,,81.7,
,,,88.9,
,,,83.1,
,,,235.4,
,,,86.8,
,,,72.6,
,,,347.2,
,,,233.2,
,,,126.6,
,,,201.5,
,,,318.6,
,,,58.7,
,,,196.2,
,,,371.9,
,,,55.3,
,,,-901.5,
,,,111.9,
,,,59.3,
,,,903.8,
,,,613.3,
,,,63.7,
,,,190.2,
,,,93.4,
,,,293.5,
,,,1053.6,
,,,11.1,
,,,1888.9,
,,,17.6,
,,,150.0,
,,,32.7,
,,,1884.8,
,,,2486.1,
,,,6128.4,
,,,933.8,
,,,5056.5,
,,,16.5,
,,,3411.8,
,,,3748.8,
,,,3456.4,
,,,936.2,
,,,2001.4,
,,,2898.2,
,,,1465.5,
,,,985.9,
,,,968.0,
,,,4992.9,
,,,5315.7,
,,,505.7,
,,,239.7,
,,,2179.4,
,,,288.1,
,,,360.3,
,,,60.2,
,,,102.0,
,,,60.8,
,,,762.1,
,,,59.5,
,,,5827.5,
,,,13.7,
,,,4856.6,
,,,2171.1,
,,,2541.4,
,,,2973.6,
,,,623.6,
,,,2104.5,
,,,3229.1,
,,,6699.9,
,,,559.9,
,,,2510.5,
,,,49.4,
,,,2406.8,
,,,1561.8,
,,,1582.5,
,,,54.3,
,,,60.9,
,,,5343.9,
,,,66.3,
,,,3.5,
,,,1971.7,
,,,1112.6,
,,,8558.6,
,,,1380.8,
,,,3677.8,
,,,232.2,
,,,48.5,
,,,645.2,
,,,103.6,
,,,1317.8,
,,,2035.5,
,,,76.7,
,,,784.0,
,,,597.0,
,,,164.2,
,,,42.8,
,,,0.0,
,,,284.3,
,,,200.4,
,,,94.0,
,,,386.8,
,,,28.6,
,,,6.0,
,,,1404.8,
,,,3.8,
,,,29.3,
,,,8.4,
,,,0.0,
,,,115.9,
,,,113.3,
,,,109.1,
,,,267.4,
,,,162.2,
,,,187.2,
,,,145.5,
,,,109.0,
,,,701.1,
,,,262.7,
,,,441.5,
,,,308.2,
,,,173.6,
,,,169.2,
,,,201.3,
,,,388.0,
,,,225.0,
,,,152.8,
,,,589.8,
,,,30.8,
,,,231.3,
,,,228.2,
,,,626.9,
,,,427.0,
,,,303.3,
,,,295.0,
,,,415.0,
,,,171.5,
,,,105.2,
,,,259.6,
,,,886.3,
,,,220.8,
,,,235.0,
,,,166.8,
,,,636.7,
,,,237.9,
,,,337.0,
,,,619.2,
,,,142.6,
,,,168.1,
,,,200.8,
,,,418.8,
,,,492.0,
,,,209.1,
,,,107.4,
,,,286.2,
,,,302.3,
,,,194.4,
,,,222.6,
,,,289.5,
,,,644.3,
,,,502.4,
,,,227.2,
,,,223.3,
,,,81.9,
,,,178.7,
,,,56.6,
,,,8.4,
,,,15.3,
,,,0.2,
,,,9.5,
,,,293.0,
,,,0.7,
,,,600.1,
,,,188.1,
,,,171.3,
,,,12.8,
,,,74.2,
,,,5.7,
,,,1.4,
,,,121.7,
,,,110.3,
,,,236.1,
,,,193.7,
,,,286.3,
,,,255.8,
,,,217.2,
,,,38.3,
,,,151.4,
,,,185.5,
,,,72.6,
,,,111.2,
,,,136.9,
,,,153.6,
,,,132.6,
,,,215.2,
,,,1.2,
,,,18.5,
,,,0.7,
,,,16.2,
,,,15.4,
,,,0.0,
,,,38.0,
,,,27.2,
,,,17.8,
,,,12.8,
,,,26.5,
,,,18.9,
,,,3.0,
,,,3.9,
,,,4.2,
,,,0.0,
,,,0.0,
,,,1.6,
,,,17.8,
,,,4.9,
,,,433.3,
,,,848.8,
,,,1205.7,
,,,457.0,
,,,803.7,
,,,762.3,
,,,1990.6,
,,,889.3,
,,,1099.0,
,,,790.1,
,,,1406.6,
,,,829.8,
,,,889.8,
,,,1463.4,
,,,1131.0,
,,,882.5,
,,,1344.5,
,,,2266.3,
,,,2029.4,
,,,931.5,
,,,1607.7,
,,,532.4,
,,,2436.4,
,,,2514.9,
,,,1739.7,
,,,777.7,
,,,1929.7,
,,,3344.4,
,,,1398.2,
,,,2160.4,
,,,2710.2,
,,,4314.0,
,,,1951.9,
,,,2262.5,
,,,1694.0,
,,,1070.9,
,,,2303.6,
,,,2820.7,
,,,2129.8,
,,,1354.8,
,,,2331.8,
,,,2125.5,
,,,3518.4,
,,,2885.9,
,,,655.0,
,,,700.4,
,,,2222.0,
,,,696.7,
,,,1393.7,
,,,1147.4,
,,,153.6,
,,,1262.0,
,,,748.8,
,,,754.4,
,,,750.9,
,,,1326.4,
,,,2210.8,
,,,3525.1,
,,,1442.4,
,,,23.6,
,,,93.9,
,,,335.2,
,,,225.3,
,,,57.0,
,,,28.7,
,,,177.1,
,,,59.1,
,,,23.1,
,,,25.9,
,,,175.8,
,,,70.2,
,,,23.0,
,,,24.8,
,,,64.1,
,,,235.2,
,,,29.6,
,,,114.5,
,,,53.8,
,,,98.9,
,,,31.1,
,,,44.4,
,,,556.0,
,,,307.9,
,,,260.6,
,,,172.0,
,,,64.5,
,,,59.7,
,,,75.0,
,,,71.7,
,,,237.9,
,,,84.9,
,,,77.7,
,,,107.4,
,,,67.4,
,,,145.4,
,,,333.9,
,,,81.2,
,,,32.1,
,,,107.3,
,,,128.5,
,,,108.3,
,,,193.4,
,,,126.7,
,,,95.8,
,,,69.7,
,,,5.4,
,,,161.5,
,,,72.4,
,,,351.1,
,,,299.8,
,,,280.4,
,,,54.9,
,,,83.8,
,,,105.3,
,,,194.4,
,,,141.9,
,,,171.6,
,,,75.7,
,,,225.1,
,,,123.8,
,,,333.9,
,,,282.0,
,,,195.7,
,,,441.0,
,,,99.6,
,,,62.9,
,,,204.7,
,,,49.5,
,,,302.1,
,,,245.7,
,,,211.0,
,,,227.9,
,,,72.4,
,,,92.8,
,,,62.6,
,,,384.9,
,,,43.4,
,,,13.3,
,,,452.2,
,,,142.3,
,,,190.4,
,,,25.2,
,,,64.3,
,,,26.0,
,,,43.1,
,,,42.4,
,,,45.9,
,,,620.9,
,,,69.3,
,,,54.2,
,,,158.5,
,,,38.2,
,,,140.7,
,,,267.4,
,,,337.8,
,,,110.6,
,,,102.7,
,,,220.3,
,,,208.1,
,,,247.5,
,,,36.8,
,,,15.8,
,,,10.9,
,,,6.5,
,,,0.3,
,,,0.2,
,,,19.1,
,,,38.1,
,,,24.1,
,,,23.6,
,,,40.2,
,,,34.6,
,,,5.4,
,,,43.9,
,,,65.6,
,,,9.8,
,,,29.0,
,,,17.9,
,,,57.1,
,,,25.4,
,,,14.8,
,,,28.6,
,,,87.0,
,,,11.7,
,,,0.0,
,,,68.5,
,,,44.3,
,,,6.1,
,,,80.8,
,,,37.8,
,,,46.3,
,,,55.9,
,,,33.9,
,,,16.4,
,,,44.6,
,,,15.3,
,,,28.9,
,,,47.1,
,,,23.3,
,,,12.5,
,,,37.9,
,,,24.5,
,,,42.4,
,,,42.6,
,,,70.6,
,,,31.4,
,,,47.3,
,,,27.6,
,,,18.3,
,,,169.3,
,,,47.9,
,,,120.6,
,,,35.8,
,,,10.5,
,,,18.9,
,,,27.2,
,,,23.2,
,,,30.4,
,,,8.1,
,,,66.6,
,,,29.2,
,,,29.5,
,,,95.0,
,,,65.5,
,,,9.1,
,,,19.5,
,,,28.5,
,,,66.1,
,,,59.8,
,,,87.5,
,,,43.2,
,,,68.8,
,,,10.6,
,,,28.0,
,,,44.2,
,,,46.1,
,,,54.0,
,,,31.6,
,,,9.0,
,,,33.0,
,,,45.7,
,,,21.4,
,,,13.9,
,,,38.2,
,,,23.8,
,,,60.7,
,,,34.0,
,,,39.0,
,,,22.9,
,,,17.3,
,,,45.9,
,,,58.4,
,,,39.6,
,,,81.0,
,,,61.3,
,,,75.5,
,,,139.3,
,,,24.4,
,,,64.9,
,,,81.9,
,,,128.5,
,,,39.5,
,,,100.2,
,,,27.2,
,,,141.6,
,,,47.3,
,,,226.1,
,,,8.1,
,,,96.5,
,,,140.4,
,,,104.6,
,,,120.5,
,,,64.2,
,,,96.2,
,,,173.7,
,,,41.7,
,,,117.9,
,,,225.9,
,,,125.9,
,,,175.3,
,,,486.2,
,,,227.6,
,,,138.6,
,,,23.6,
,,,116.6,
,,,153.7,
,,,21.3,
,,,151.9,
,,,198.2,
,,,250.5,
,,,159.8,
,,,66.7,
,,,108.9,
,,,138.2,
,,,251.6,
,,,227.0,
,,,161.0,
,,,62.2,
,,,121.0,
,,,339.8,
,,,149.4,
,,,113.2,
,,,168.9,
,,,162.0,
,,,120.6,
,,,57.8,
,,,136.7,
,,,143.3,
,,,63.6,
,,,302.3,
,,,267.5,
,,,83.2,
,,,148.0,
,,,213.0,
,,,271.6,
,,,306.7,
,,,222.1,
,,,262.5,
,,,184.3,
,,,2083.6,
,,,3282.7,
,,,4188.0,
,,,1369.0,
,,,2801.9,
,,,1531.0,
,,,951.9,
,,,3376.4,
,,,1535.9,
,,,1166.5,
,,,3436.8,
,,,6532.9,
,,,3920.5,
,,,3040.1,
,,,8603.0,
,,,7061.1,
,,,1094.2,
,,,4563.7,
,,,3965.4,
,,,1345.0,
,,,1411.5,
,,,2608.8,
,,,8446.5,
,,,1665.3,
,,,8126.7,
,,,1196.2,
,,,1539.3,
,,,1395.4,
,,,5097.4,
,,,3351.4,
,,,6033.7,
,,,4721.5,
,,,1582.5,
,,,1396.3,
,,,4492.3,
,,,7369.1,
,,,5560.8,
,,,2271.8,
,,,3621.7,
,,,7809.4,
,,,1276.9,
,,,7011.7,
,,,1251.1,
,,,4806.5,
,,,2554.6,
,,,994.8,
,,,2885.0,
,,,3738.4,
,,,4309.0,
,,,2550.6,
,,,2209.2,
,,,2006.0,
,,,3397.2,
,,,1161.1,
,,,9811.4,
,,,1377.1,
,,,8745.5,
,,,2237.3,
,,,9013.3,
,,,3113.1,
,,,7827.2,
,,,6589.5,
,,,5416.2,
,,,1453.6,
,,,5196.7,
,,,6815.5,
,,,4756.1,
,,,4889.1,
,,,5514.0,
,,,4249.8,
,,,9246.2,
,,,6828.7,
,,,1031.1,
,,,7480.5,
,,,3271.2,
,,,2179.7,
,,,2412.3,
,,,2981.1,
,,,1123.3,
,,,2327.1,
,,,4510.4,
,,,3741.3,
,,,5607.3,
,,,2567.9,
,,,4316.8,
,,,2154.7,
,,,5322.1,
,,,4094.3,
,,,6385.6,
,,,4829.0,
,,,9306.8,
,,,6096.5,
,,,1.3,
,,,17.3,
,,,3.2,
,,,48.8,
,,,19.5,
,,,13.5,
,,,14.8,
,,,23.0,
,,,2.9,
,,,67.7,
,,,0.9,
,,,29.8,
,,,0.8,
,,,4.5,
,,,58.4,
,,,54.3,
,,,67.6,
,,,15.2,
,,,0.5,
,,,31.8,
,,,147.1,
,,,11.6,
,,,51.2,
,,,11.0,
,,,1.0,
,,,0.6,
,,,3.6,
,,,1.2,
,,,41.0,
,,,142.2,
,,,72.5,
,,,4.3,
,,,1.9,
,,,4.1,
,,,5.1,
,,,13.3,
,,,5.3,
,,,6.7,
,,,2.8,
,,,17.5,
,,,30.3,
,,,5.6,
,,,15.5,
,,,19.1,
,,,11.8,
,,,8.7,
,,,0.6,
,,,6.8,
,,,4.9,
,,,27.2,
,,,17.8,
,,,12.7,
,,,24.8,
,,,2.6,
,,,55.3,
,,,27.5,
,,,43.0,
,,,0.4,
,,,7.7,
,,,1.5,
,,,1.4,
,,,8.1,
,,,11.1,
,,,1.7,
,,,11.0,
,,,3.8,
,,,0.2,
,,,2.4,
,,,0.2,
,,,63.1,
,,,2.9,
,,,10.4,
,,,14.7,
,,,51.1,
,,,0.8,
,,,0.3,
,,,21.6,
,,,0.2,
,,,9.5,
,,,1.2,
,,,0.5,
,,,11.2,
,,,21.7,
,,,0.6,
,,,0.4,
,,,1.4,
,,,1.4,
,,,10.3,
,,,54.9,
,,,3.5,
,,,5.1,
,,,1.8,
,,,139.8,
,,,0.2,
,,,0.3,
,,,2.1,
,,,3.0,
,,,0.4,
,,,3.7,
,,,1.9,
,,,0.9,
,,,4.1,
,,,0.3,
,,,61.6,
,,,0.4,
,,,1.6,
,,,17.8,
,,,49.3,
,,,0.2,
,,,1.8,
,,,59.8,
,,,99.3,
,,,199.0,
,,,11.4,
,,,23.8,
,,,67.7,
,,,59.7,
,,,124.0,
,,,60.2,
,,,11.9,
,,,59.4,
,,,247.0,
,,,39.5,
,,,114.2,
,,,35.0,
,,,92.0,
,,,25.6,
,,,106.9,
,,,68.6,
,,,32.4,
,,,88.6,
,,,12.1,
,,,138.0,
,,,38.7,
,,,87.9,
,,,41.9,
,,,131.2,
,,,93.8,
,,,326.2,
,,,136.8,
,,,82.4,
,,,19.6,
,,,330.2,
,,,126.1,
,,,222.9,
,,,77.5,
,,,107.9,
,,,159.5,
,,,17.7,
,,,104.0,
,,,56.8,
,,,140.6,
,,,97.1,
,,,60.1,
,,,202.7,
,,,97.8,
,,,123.1,
,,,101.4,
,,,100.5,
,,,174.3,
,,,239.3,
,,,54.7,
,,,440.7,
,,,50.2,
,,,49.1,
,,,47.6,
,,,289.2,
,,,17.1,
,,,37.4,
,,,66.7,
,,,99.0,
,,,58.8,
,,,61.2,
,,,40.8,
,,,216.6,
,,,178.8,
,,,134.3,
,,,96.5,
,,,104.2,
,,,244.6,
,,,93.7,
,,,13.3,
,,,36.9,
,,,134.3,
,,,39.8,
,,,54.2,
,,,62.9,
,,,116.6,
,,,16.1,
,,,94.1,
,,,27.4,
,,,183.9,
,,,120.6,
,,,29.1,
,,,145.5,
,,,33.6,
,,,88.3,
,,,176.1,
,,,86.3,
,,,89.5,
,,,138.1,
,,,61.9,
,,,80.1,
,,,59.9,
,,,138.0,
,,,53.1,
,,,55.7,
,,,96.0,
,,,38.1,
,,,172.0,
,,,54.2,
,,,76.1,
,,,92.6,
,,,405.3,
,,,27.6,
,,,142.1,
,,,150.6,
,,,195.3,
,,,395.3,
,,,57.2,
,,,311.9,
,,,3.4,
,,,73.7,
,,,109.8,
,,,251.1,
,,,205.7,
,,,59.9,
,,,166.9,
,,,188.1,
,,,110.2,
,,,123.0,
,,,113.8,
,,,122.3,
,,,117.3,
,,,46.7,
,,,75.6,
,,,85.9,
,,,321.6,
,,,33.9,
,,,237.1,
,,,185.2,
,,,133.0,
,,,170.5,
,,,358.5,
,,,92.3,
,,,248.1,
,,,23.0,
,,,149.0,
,,,210.3,
,,,186.4,
,,,306.1,
,,,137.0,
,,,91.5,
,,,72.8,
,,,60.3,
,,,61.5,
,,,233.2,
,,,263.6,
,,,117.4,
,,,154.5,
,,,103.9,
,,,128.3,
,,,217.5,
,,,153.7,
,,,235.6,
,,,523.9,
,,,313.6,
,,,90.2,
,,,12.3,
,,,50.1,
,,,157.3,
,,,275.2,
,,,87.8,
,,,84.1,
,,,233.5,
,,,170.0,
,,,187.9,
,,,51.4,
,,,386.6,
,,,207.1,
,,,97.3,
,,,301.8,
,,,759.8,
,,,688.3,
,,,52.7,
,,,29.1,
,,,14.2,
,,,36.8,
,,,35.3,
,,,24.8,
,,,13.4,
,,,0.0,
,,,127.4,
,,,11.0,
,,,124.3,
,,,22.2,
,,,107.8,
,,,45.3,
,,,50.9,
,,,61.4,
,,,50.2,
,,,4.9,
,,,197.7,
,,,34.7,
,,,20.4,
,,,98.6,
,,,16.9,
,,,5.1,
,,,17.0,
,,,6.7,
,,,11.9,
,,,6.8,
,,,4.1,
,,,22.1,
,,,9.2,
,,,2.1,
,,,5.7,
,,,16.2,
,,,2.7,
,,,4.8,
,,,12.5,
,,,1.9,
,,,4.0,
,,,0.0,
,,,3.2,
,,,38.4,
,,,41.7,
,,,2.9,
,,,20.3,
,,,6.0,
,,,17.8,
,,,1.0,
,,,1.9,
,,,91.9,
,,,63.3,
,,,51.0,
,,,3.8,
,,,6.2,
,,,3.8,
,,,4.9,
,,,22.4,
,,,13.0,
,,,8.1,
,,,21.0,
,,,3.3,
,,,13.0,
,,,33.9,
,,,7.9,
,,,3.3,
,,,15.7,
,,,4.1,
,,,51.4,
,,,7.1,
,,,6.3,
,,,3.5,
,,,3.3,
,,,2.9,
,,,0.9,
,,,3.0,
,,,8.2,
,,,10.3,
,,,5.0,
,,,1.0,
,,,3.4,
,,,3.9,
,,,19.5,
,,,17.7,
,,,3.1,
,,,8.6,
,,,1.6,
,,,1.9,
,,,6.6,
,,,45.0,
,,,0.0,
,,,52.5,
,,,50.6,
,,,237.1,
,,,67.8,
,,,50.7,
,,,169.8,
,,,59.1,
,,,213.7,
,,,75.8,
,,,10.2,
,,,377.3,
,,,288.9,
,,,149.5,
,,,321.2,
,,,41.2,
,,,6.2,
,,,272.4,
,,,51.3,
,,,1.7,
,,,58.2,
,,,416.9,
,,,58.1,
,,,523.7,
,,,77.4,
,,,14.3,
,,,136.9,
,,,29.3,
,,,18.9,
,,,285.6,
,,,37.4,
,,,89.9,
,,,15.0,
,,,126.1,
,,,10.3,
,,,23.9,
,,,21.1,
,,,28.6,
,,,49.0,
,,,20.4,
,,,23.1,
,,,10.9,
,,,15.6,
,,,18.3,
,,,182.7,
,,,182.2,
,,,13.4,
,,,25.5,
,,,19.6,
,,,14.2,
,,,1.8,
,,,2.8,
,,,73.8,
,,,11.3,
,,,6.5,
,,,0.0,
,,,140.3,
,,,6.5,
,,,1.8,
,,,0.0,
,,,40.6,
,,,28.0,
,,,38.8,
,,,35.6,
,,,4.0,
,,,117.9,
,,,6.3,
,,,48.9,
,,,1.2,
,,,36.8,
,,,16.0,
,,,4.9,
,,,0.0,
,,,7.1,
,,,16.9,
,,,13.7,
,,,10.2,
,,,7.9,
,,,1.0,
,,,21.0,
,,,2.4,
,,,12.6,
,,,57.1,
,,,5.6,
,,,7.7,
,,,24.2,
,,,0.8,
,,,13.1,
,,,5.0,
,,,24.3,
,,,2.7,
,,,19.6,
,,,9.6,
,,,7.7,
,,,10.9,
,,,7.6,
,,,6.2,
,,,3.3,
,,,0.4,
,,,32.1,
,,,6.8,
,,,4.0,
,,,19.2,
,,,6.8,
,,,7.0,
,,,42.2,
,,,5.5,
,,,13.1,
,,,8.0,
,,,0.0,
,,,7.9,
,,,9.6,
,,,7.7,
,,,74.5,
,,,19.3,
,,,10.3,
,,,5.3,
,,,5.1,
,,,4.8,
,,,22.9,
,,,13.7,
,,,0.2,
,,,24.7,
,,,4.4,
,,,33.6,
,,,12.0,
,,,5.3,
,,,52.6,
,,,13.1,
,,,13.1,
,,,24.5,
,,,14.9,
,,,8.0,
,,,122.7,
,,,76.3,
,,,44.4,
,,,130.2,
,,,125.6,
,,,97.6,
,,,114.3,
,,,5.5,
,,,42.9,
,,,0.6,
,,,1.4,
,,,51.5,
,,,25.9,
,,,0.5,
,,,5.1,
,,,1.3,
,,,2679.4,
,,,344.0,
,,,215.0,
,,,5033.1,
,,,346.5,
,,,525.3,
,,,364.6,
,,,1746.8,
,,,101.5,
,,,206.5,
,,,2734.2,
,,,2517.0,
,,,1488.9,
,,,266.0,
,,,14.3,
,,,182.1,
,,,99.7,
,,,95.9,
,,,74.8,
,,,72.2,
,,,129.5,
,,,158.6,
,,,51.7,
,,,212.0,
,,,206.0,
,,,93.6,
,,,121.8,
,,,126.5,
,,,15.7,
,,,270.4,
,,,55.2,
,,,212.0,
,,,187.6,
,,,170.3,
,,,107.9,
,,,84.4,
,,,64.8,
,,,246.2,
,,,130.7,
,,,65.6,
,,,40.7,
,,,24.3,
,,,398.5,
,,,307.9,
,,,0.5,
,,,15.1,
,,,0.0,
,,,4.1,
,,,68.9,
,,,45.3,
,,,168.3,
,,,4.7,
,,,57.6,
,,,61.8,
,,,86.0,
,,,105.5,
,,,531.6,
,,,162.7,
,,,98.9,
,,,166.5,
,,,489.9,
,,,152.6,
,,,180.5,
,,,151.1,
,,,87.4,
,,,75.7,
,,,38.7,
,,,70.5,
,,,147.8,
,,,38.1,
,,,372.6,
,,,3.4,
,,,7.7,
,,,135.5,
,,,451.2,
,,,927.7,
,,,920.8,
,,,389.7,
,,,119.1,
,,,252.0,
,,,268.2,
,,,172.9,
,,,248.4,
,,,496.8,
,,,268.7,
,,,335.4,
,,,230.9,
,,,320.6,
,,,186.7,
,,,525.6,
,,,218.5,
,,,291.1,
,,,211.3,
,,,385.4,
,,,443.2,
,,,434.9,
,,,496.5,
,,,260.5,
,,,349.5,
,,,534.4,
,,,251.3,
,,,398.6,
,,,364.2,
,,,185.8,
,,,203.7,
,,,274.1,
,,,251.9,
,,,335.0,
,,,272.4,
,,,771.3,
,,,285.1,
,,,308.2,
,,,344.5,
,,,358.3,
,,,247.3,
,,,314.1,
,,,336.5,
,,,681.1,
,,,283.4,
,,,441.9,
,,,313.9,
,,,178.8,
,,,310.6,
,,,345.1,
,,,300.8,
,,,273.5,
,,,240.0,
,,,303.1,
,,,44.0,
,,,335.1,
,,,369.0,
,,,431.5,
,,,302.6,
,,,244.3,
,,,193.2,
,,,590.1,
,,,225.6,
,,,376.3,
,,,429.8,
,,,334.0,
,,,352.6,
,,,448.1,
,,,308.6,
,,,383.7,
,,,239.0,
,,,392.1,
,,,430.0,
,,,489.3,
,,,302.0,
,,,342.0,
,,,240.5,
,,,508.1,
,,,400.2,
,,,296.3,
,,,281.8,
,,,304.7,
,,,548.8,
,,,294.7,
,,,303.2,
,,,236.6,
,,,178.5,
,,,111.4,
,,,209.1,
,,,201.4,
,,,136.6,
,,,108.7,
,,,95.7,
,,,157.6,
,,,272.9,
,,,142.9,
,,,111.1,
,,,452.8,
,,,195.6,
,,,161.5,
,,,155.8,
,,,195.4,
,,,148.9,
,,,124.5,
,,,250.4,
,,,117.5,
,,,148.6,
,,,39.8,
,,,208.3,
,,,170.2,
,,,111.3,
,,,153.6,
,,,113.5,
,,,210.3,
,,,137.8,
,,,0.0,
,,,33.7,
,,,38.3,
,,,29.0,
,,,34.3,
,,,7.1,
,,,38.1,
,,,11.2,
,,,13.4,
,,,22.3,
,,,23.7,
,,,42.2,
,,,42.0,
,,,45.0,
,,,104.8,
,,,52.4,
,,,40.4,
,,,34.2,
,,,25.0,
,,,46.5,
,,,782.6,
,,,562.9,
,,,468.6,
,,,463.4,
,,,451.3,
,,,448.6,
,,,405.5,
,,,268.3,
,,,259.8,
,,,234.7,
,,,226.1,
,,,218.4,
,,,212.6,
,,,188.5,
,,,113.9,
,,,108.5,
,,,99.5,
,,,83.2,
,,,7.7,
,,,1123.2,
,,,562.2,
,,,485.4,
,,,376.0,
,,,171.2,
,,,146.2,
,,,141.2,
,,,25.5,
,,,287.6,
,,,228.8,
,,,119.7,
,,,53.9,
,,,224.2,
,,,96.4,
,,,115.7,
,,,53.4,
,,,28.7,
,,,40.2,
,,,39.9,
,,,18.4,
,,,23.4,
,,,5.8,
,,,37.5,
,,,2.4,
,,,2.9,
,,,5.6,
,,,3.9,
,,,4.0,
,,,55.2,
,,,311.0,
,,,274.3,
,,,297.3,
,,,158.8,
,,,232.4,
,,,0.0,
,,,175.2,
,,,162.5,
,,,147.6,
,,,182.4,
,,,68.3,
,,,36.7,
,,,214.8,
,,,307.8,
,,,180.0,
,,,277.0,
,,,144.1,
,,,393.0,
,,,169.5,
,,,724.3,
,,,72.1,
,,,75.5,
,,,64.5,
,,,350.8,
,,,1143.0,
,,,108.6,
,,,142.8,
,,,365.0,
,,,437.6,
,,,95.5,
,,,68.4,
,,,118.2,
,,,98.5,
,,,391.7,
,,,83.9,
,,,130.8,
,,,156.7,
,,,82.1,
,,,242.2,
,,,198.2,
,,,105.9,
,,,54.5,
,,,207.8,
,,,66.8,
,,,27.6,
,,,136.5,
,,,92.7,
,,,145.7,
,,,62.0,
,,,177.9,
,,,151.8,
,,,33.2,
,,,334.7,
,,,63.7,
,,,634.2,
,,,112.0,
,,,107.9,
,,,86.0,
,,,139.2,
,,,237.1,
,,,295.9,
,,,412.0,
,,,118.5,
,,,76.1,
,,,184.2,
,,,328.5,
,,,24.1,
,,,131.0,
,,,3.2,
,,,201.5,
,,,85.4,
,,,279.6,
,,,388.1,
,,,258.0,
,,,115.4,
,,,26.2,
,,,116.1,
,,,20.1,
,,,124.8,
,,,24.9,
,,,104.5,
,,,47.2,
,,,50.8,
,,,208.6,
,,,130.0,
,,,102.5,
,,,132.6,
,,,354.9,
,,,553.7,
,,,37.6,
,,,13.9,
,,,49.0,
,,,22.5,
,,,132.7,
,,,5.1,
,,,33.6,
,,,153.3,
,,,24.6,
,,,0.0,
,,,81.6,
,,,230.5,
,,,10.4,
,,,3.5,
,,,380.6,
,,,47.1,
,,,193.6,
,,,0.7,
,,,62.0,
,,,48.6,
,,,3.4,
,,,73.6,
,,,34.8,
,,,11.3,
,,,6.2,
,,,5.1,
,,,0.0,
,,,277.7,
,,,72.8,
,,,156.6,
,,,188.2,
,,,272.2,
,,,299.3,
,,,70.9,
,,,246.0,
,,,89.7,
,,,507.6,
,,,25.8,
,,,184.3,
,,,205.9,
,,,297.0,
,,,251.9,
,,,0.0,
,,,45.4,
,,,605.4,
,,,112.4,
,,,150.8,
,,,398.1,
,,,224.2,
,,,384.0,
,,,304.4,
,,,201.6,
,,,340.5,
,,,321.0,
,,,68.4,
,,,85.1,
,,,245.2,
,,,54.9,
,,,488.8,
,,,883.1,
,,,253.1,
,,,282.5,
,,,33.1,
,,,123.8,
,,,379.4,
,,,215.2,
,,,93.1,
,,,240.9,
,,,254.7,
,,,179.2,
,,,324.7,
,,,469.0,
,,,526.0,
,,,119.1,
